[{"URL": "https://catwar.su/(ly0XGKLH)", "IP": "127.0.0.1", "Time": "2023-12-05 16:29:27"}, {"URL": "https://catwar.su/(hWwRNAaL)", "IP": "127.0.0.1", "Time": "2023-12-05 16:30:02"}, {"URL": "https://catwar.su/(vdLWCZka)", "IP": "127.0.0.1", "Time": "2023-12-05 20:35:32"}, {"URL": "https://ru.wikipedia.org/wiki/\u0418\u0441\u0442\u043e\u0440\u0438\u044f_\u0421\u0438\u0431\u0438\u0440\u0438(Cf28N1bP)", "IP": "127.0.0.1", "Time": "2023-12-05 20:36:00"}, {"URL": "https://ru.wikipedia.org/wiki/\u0418\u0441\u0442\u043e\u0440\u0438\u044f_\u0421\u0438\u0431\u0438\u0440\u0438(JZb1AwMP)", "IP": "127.0.0.1", "Time": "2023-12-05 22:16:46"}]